{"train acc": 0.98125, "train loss": 0.001287931506158202, "train_f1_score": 0.974280645645688, "_timestamp": 1681812425.7514725, "valid acc": 0.9616402116402116, "valid loss": 0.0021512368834090906, "valid_f1_score": 0.9628759684261431, "_runtime": 6111.073013544083, "_step": 19, "_wandb": {"runtime": 6110}}