{"train acc": 0.9671875, "train loss": 0.09559911808464676, "train_f1_score": 0.9539029297564214, "_timestamp": 1681819580.733125, "valid acc": 0.9126984126984127, "valid loss": 0.2647563617487075, "valid_f1_score": 0.9133490183319939, "_runtime": 533.1989018917084, "_step": 2, "_wandb": {"runtime": 548}}