{"train acc": 0.94375, "train loss": 0.4302086293697357, "train_f1_score": 0.9406267063645951, "_timestamp": 1681822819.0656114, "valid acc": 0.941005291005291, "valid loss": 0.4248188365313966, "valid_f1_score": 0.9417180531936137, "_runtime": 2576.3092613220215, "_step": 10}