{"train acc": 0.9921875, "train loss": 0.03685014639049768, "train_f1_score": 0.9917968638197878, "_timestamp": 1681816392.8054435, "valid acc": 0.9658730158730159, "valid loss": 0.29027236743151386, "valid_f1_score": 0.9665578015613864, "_runtime": 2553.6307785511017, "_step": 13, "_wandb": {"runtime": 2568}}